activity_log	activity_log_user_id_fkey~user_id~user_profiles~id
audit_logs	audit_logs_user_id_fkey~user_id~auth.users~id
batch_stock	batch_stock_centre_id_fkey~centre_id~centres~id;batch_stock_grn_id_fkey~grn_id~grns~id;batch_stock_item_id_fkey~item_id~items~id
consignment_deposits	consignment_deposits_centre_id_fkey~centre_id~centres~id;consignment_deposits_received_by_fkey~received_by~user_profiles~id;consignment_deposits_vendor_id_fkey~vendor_id~vendors~id
consignment_stock	consignment_stock_deposit_id_fkey~deposit_id~consignment_deposits~id;consignment_stock_item_id_fkey~item_id~items~id
consignment_usage	consignment_usage_auto_grn_id_fkey~auto_grn_id~grns~id;consignment_usage_auto_invoice_id_fkey~auto_invoice_id~invoices~id;consignment_usage_auto_po_id_fkey~auto_po_id~purchase_orders~id;consignment_usage_centre_id_fkey~centre_id~centres~id;consignment_usage_deposit_id_fkey~deposit_id~consignment_deposits~id;consignment_usage_logged_by_fkey~logged_by~user_profiles~id;consignment_usage_stock_id_fkey~stock_id~consignment_stock~id
consumption_records	consumption_records_centre_id_fkey~centre_id~centres~id;consumption_records_item_id_fkey~item_id~items~id
credit_notes	credit_notes_centre_id_fkey~centre_id~centres~id;credit_notes_created_by_fkey~created_by~auth.users~id;credit_notes_invoice_id_fkey~invoice_id~invoices~id;credit_notes_vendor_id_fkey~vendor_id~vendors~id
daily_stock_summary	daily_stock_summary_centre_id_fkey~centre_id~centres~id;daily_stock_summary_item_id_fkey~item_id~items~id;daily_stock_summary_uploaded_by_fkey~uploaded_by~user_profiles~id
debit_note_items	debit_note_items_debit_note_id_fkey~debit_note_id~debit_notes~id;debit_note_items_item_id_fkey~item_id~items~id
debit_notes	debit_notes_centre_id_fkey~centre_id~centres~id;debit_notes_created_by_fkey~created_by~auth.users~id;debit_notes_grn_id_fkey~grn_id~grns~id;debit_notes_invoice_id_fkey~invoice_id~invoices~id;debit_notes_vendor_id_fkey~vendor_id~vendors~id
grn_items	grn_items_grn_id_fkey~grn_id~grns~id;grn_items_item_id_fkey~item_id~items~id;grn_items_po_item_id_fkey~po_item_id~purchase_order_items~id
grn_return_items	grn_return_items_item_id_fkey~item_id~items~id;grn_return_items_return_id_fkey~return_id~grn_returns~id
grn_returns	grn_returns_centre_id_fkey~centre_id~centres~id;grn_returns_created_by_fkey~created_by~auth.users~id;grn_returns_grn_id_fkey~grn_id~grns~id;grn_returns_vendor_id_fkey~vendor_id~vendors~id
grns	grns_centre_id_fkey~centre_id~centres~id;grns_po_id_fkey~po_id~purchase_orders~id;grns_qc_checked_by_fkey~qc_checked_by~auth.users~id;grns_received_by_fkey~received_by~user_profiles~id;grns_vendor_id_fkey~vendor_id~vendors~id;grns_verified_by_fkey~verified_by~user_profiles~id
hmis_import_log	hmis_import_log_centre_id_fkey~centre_id~centres~id;hmis_import_log_uploaded_by_fkey~uploaded_by~user_profiles~id
invoice_items	invoice_items_invoice_id_fkey~invoice_id~invoices~id;invoice_items_item_id_fkey~item_id~items~id
invoices	invoices_approved_by_fkey~approved_by~user_profiles~id;invoices_centre_id_fkey~centre_id~centres~id;invoices_created_by_fkey~created_by~user_profiles~id;invoices_grn_id_fkey~grn_id~grns~id;invoices_po_id_fkey~po_id~purchase_orders~id;invoices_vendor_id_fkey~vendor_id~vendors~id
item_categories	item_categories_parent_id_fkey~parent_id~item_categories~id
item_centre_stock	item_centre_stock_centre_id_fkey~centre_id~centres~id;item_centre_stock_item_id_fkey~item_id~items~id
items	items_category_id_fkey~category_id~item_categories~id
notifications	notifications_created_by_fkey~created_by~auth.users~id;notifications_user_id_fkey~user_id~auth.users~id
payment_batch_items	payment_batch_items_batch_id_fkey~batch_id~payment_batches~id;payment_batch_items_invoice_id_fkey~invoice_id~invoices~id;payment_batch_items_vendor_id_fkey~vendor_id~vendors~id
payment_batches	payment_batches_approved_by_fkey~approved_by~user_profiles~id;payment_batches_centre_id_fkey~centre_id~centres~id
po_approvals	po_approvals_approver_id_fkey~approver_id~user_profiles~id;po_approvals_po_id_fkey~po_id~purchase_orders~id
purchase_indent_items	purchase_indent_items_indent_id_fkey~indent_id~purchase_indents~id;purchase_indent_items_item_id_fkey~item_id~items~id
purchase_indents	purchase_indents_approved_by_fkey~approved_by~user_profiles~id;purchase_indents_centre_id_fkey~centre_id~centres~id;purchase_indents_requested_by_fkey~requested_by~user_profiles~id
purchase_order_items	purchase_order_items_item_id_fkey~item_id~items~id;purchase_order_items_po_id_fkey~po_id~purchase_orders~id
purchase_orders	purchase_orders_approved_by_fkey~approved_by~user_profiles~id;purchase_orders_centre_id_fkey~centre_id~centres~id;purchase_orders_created_by_fkey~created_by~user_profiles~id;purchase_orders_indent_id_fkey~indent_id~purchase_indents~id;purchase_orders_vendor_id_fkey~vendor_id~vendors~id
rate_contract_items	rate_contract_items_contract_id_fkey~contract_id~rate_contracts~id;rate_contract_items_item_id_fkey~item_id~items~id
rate_contracts	rate_contracts_approved_by_fkey~approved_by~user_profiles~id;rate_contracts_centre_id_fkey~centre_id~centres~id;rate_contracts_vendor_id_fkey~vendor_id~vendors~id
rfq_items	rfq_items_item_id_fkey~item_id~items~id;rfq_items_rfq_id_fkey~rfq_id~rfqs~id
rfq_quote_items	rfq_quote_items_quote_id_fkey~quote_id~rfq_quotes~id;rfq_quote_items_rfq_item_id_fkey~rfq_item_id~rfq_items~id
rfq_quotes	rfq_quotes_rfq_id_fkey~rfq_id~rfqs~id;rfq_quotes_vendor_id_fkey~vendor_id~vendors~id
rfqs	rfqs_awarded_vendor_id_fkey~awarded_vendor_id~vendors~id;rfqs_category_id_fkey~category_id~vendor_categories~id;rfqs_centre_id_fkey~centre_id~centres~id;rfqs_created_by_fkey~created_by~user_profiles~id
stock_adjustments	stock_adjustments_adjusted_by_fkey~adjusted_by~auth.users~id;stock_adjustments_centre_id_fkey~centre_id~centres~id;stock_adjustments_item_id_fkey~item_id~items~id
stock_ledger	stock_ledger_centre_id_fkey~centre_id~centres~id;stock_ledger_created_by_fkey~created_by~user_profiles~id;stock_ledger_item_id_fkey~item_id~items~id
stock_transfer_items	stock_transfer_items_item_id_fkey~item_id~items~id;stock_transfer_items_transfer_id_fkey~transfer_id~stock_transfers~id
stock_transfers	stock_transfers_approved_by_fkey~approved_by~auth.users~id;stock_transfers_created_by_fkey~created_by~auth.users~id;stock_transfers_from_centre_id_fkey~from_centre_id~centres~id;stock_transfers_received_by_fkey~received_by~auth.users~id;stock_transfers_to_centre_id_fkey~to_centre_id~centres~id
tally_company_config	tally_company_config_centre_id_fkey~centre_id~centres~id
tally_sync_log	tally_sync_log_centre_id_fkey~centre_id~centres~id
tally_sync_queue	tally_sync_queue_centre_id_fkey~centre_id~centres~id
user_profiles	user_profiles_centre_id_fkey~centre_id~centres~id;user_profiles_id_fkey~id~auth.users~id
vendor_documents	vendor_documents_uploaded_by_fkey~uploaded_by~user_profiles~id;vendor_documents_vendor_id_fkey~vendor_id~vendors~id;vendor_documents_verified_by_fkey~verified_by~user_profiles~id
vendor_items	vendor_items_item_id_fkey~item_id~items~id;vendor_items_vendor_id_fkey~vendor_id~vendors~id
vendor_notifications	vendor_notifications_vendor_id_fkey~vendor_id~vendors~id
vendor_performance	vendor_performance_centre_id_fkey~centre_id~centres~id;vendor_performance_vendor_id_fkey~vendor_id~vendors~id
vendor_sessions	vendor_sessions_vendor_id_fkey~vendor_id~vendors~id
vendors	vendors_approved_by_fkey~approved_by~user_profiles~id;vendors_category_id_fkey~category_id~vendor_categories~id;vendors_onboarded_by_fkey~onboarded_by~user_profiles~id
