activity_log	id|uuid|R|D;user_id|uuid|N|-;action|text|R|-;entity_type|text|R|-;entity_id|uuid|N|-;details|jsonb|N|-;created_at|timestamptz|N|D
approval_delegations	id|uuid|R|D;delegator_id|uuid|R|-;delegate_id|uuid|R|-;start_date|date|R|-;end_date|date|R|-;reason|text|N|-;is_active|bool|N|D;created_at|timestamptz|N|D
audit_logs	id|uuid|R|D;entity_type|text|R|-;entity_id|text|N|-;action|text|R|-;details|jsonb|N|-;user_id|uuid|N|-;ip_address|text|N|-;created_at|timestamptz|N|D
audit_trail	id|uuid|R|D;entity_type|text|R|-;entity_id|uuid|R|-;field_name|text|R|-;old_value|text|N|-;new_value|text|N|-;changed_by|uuid|R|-;changed_at|timestamptz|N|D;ip_address|text|N|-;user_agent|text|N|-
batch_stock	id|uuid|R|D;item_id|uuid|N|-;centre_id|uuid|N|-;batch_number|text|N|-;expiry_date|date|N|-;manufacture_date|date|N|-;grn_id|uuid|N|-;qty_received|numeric|N|D;qty_issued|numeric|N|D;qty_available|numeric|N|D;rate|numeric|N|-;mrp|numeric|N|-;is_active|bool|N|D;created_at|timestamptz|N|D
centres	id|uuid|R|D;code|text|R|-;name|text|R|-;address|text|N|-;city|text|N|-;state|text|N|-;phone|text|N|-;email|text|N|-;is_active|bool|N|D;created_at|timestamptz|N|D
consignment_deposits	id|uuid|R|D;deposit_number|text|R|-;vendor_id|uuid|R|-;centre_id|uuid|R|-;challan_number|text|N|-;challan_date|date|R|D;received_by|uuid|N|-;received_at|timestamptz|N|D;location|text|N|-;notes|text|N|-;status|text|N|D;created_at|timestamptz|N|D;updated_at|timestamptz|N|D
consignment_stock	id|uuid|R|D;deposit_id|uuid|R|-;item_id|uuid|N|-;item_description|text|R|-;category|text|R|-;brand|text|N|-;model_number|text|N|-;serial_number|text|N|-;lot_number|text|N|-;batch_number|text|N|-;expiry_date|date|N|-;size_spec|text|N|-;mrp|numeric|N|-;vendor_rate|numeric|R|-;gst_percent|numeric|N|D;qty_deposited|int4|R|D;qty_used|int4|R|D;qty_returned|int4|R|D;qty_available|int4|N|D;location|text|N|-;status|text|N|D;created_at|timestamptz|N|D
consignment_usage	id|uuid|R|D;stock_id|uuid|R|-;deposit_id|uuid|R|-;centre_id|uuid|R|-;patient_name|text|R|-;patient_uhid|text|N|-;surgeon_name|text|N|-;procedure_name|text|N|-;procedure_date|date|R|D;procedure_location|text|N|-;qty_used|int4|R|D;usage_notes|text|N|-;logged_by|uuid|N|-;logged_at|timestamptz|N|D;auto_po_id|uuid|N|-;auto_grn_id|uuid|N|-;auto_invoice_id|uuid|N|-;conversion_status|text|N|D;created_at|timestamptz|N|D;usage_number|text|N|-;usage_date|date|N|D;ot_number|text|N|-;case_type|text|N|-;notes|text|N|-;po_id|uuid|N|-;grn_id|uuid|N|-;invoice_id|uuid|N|-;created_by|uuid|N|-
consumption_records	id|uuid|R|D;centre_id|uuid|N|-;item_id|uuid|N|-;consumption_date|date|R|-;department|text|N|-;ward|text|N|-;quantity|numeric|R|-;unit|text|N|-;rate|numeric|N|-;total_value|numeric|N|-;patient_name|text|N|-;ip_number|text|N|-;doctor_name|text|N|-;batch_number|text|N|-;expiry_date|date|N|-;notes|text|N|-;source|text|N|-;uploaded_by|uuid|N|-;upload_batch_id|text|N|-;created_at|timestamptz|N|D
credit_notes	id|uuid|R|D;credit_note_number|text|N|-;vendor_id|uuid|N|-;centre_id|uuid|N|-;invoice_id|uuid|N|-;reason|text|R|-;subtotal|numeric|N|-;gst_amount|numeric|N|-;total_amount|numeric|N|-;status|text|N|D;notes|text|N|-;created_by|uuid|N|-;created_at|timestamptz|N|D;updated_at|timestamptz|N|D;tally_voucher_number|text|N|-;tally_synced_at|timestamptz|N|-;tally_sync_status|text|N|D
daily_stock_summary	id|uuid|R|D;centre_id|uuid|R|-;item_id|uuid|R|-;summary_date|date|R|-;opening_balance|int4|R|D;issue_qty|int4|R|D;receipt_qty|int4|R|D;return_qty|int4|R|D;adj_qty|int4|R|D;closing_balance|int4|R|D;balance_verified|bool|R|D;balance_mismatch|int4|N|D;upload_batch_id|uuid|N|-;uploaded_by|uuid|N|-;created_at|timestamptz|N|D
debit_note_items	id|uuid|R|D;debit_note_id|uuid|N|-;item_id|uuid|N|-;quantity|numeric|N|-;rate|numeric|N|-;gst_percent|numeric|N|-;gst_amount|numeric|N|-;total_amount|numeric|N|-;reason|text|N|-;created_at|timestamptz|N|D
debit_notes	id|uuid|R|D;debit_note_number|text|N|-;vendor_id|uuid|N|-;centre_id|uuid|N|-;invoice_id|uuid|N|-;grn_id|uuid|N|-;reason|text|R|-;subtotal|numeric|N|-;gst_amount|numeric|N|-;total_amount|numeric|N|-;status|text|N|D;notes|text|N|-;created_by|uuid|N|-;created_at|timestamptz|N|D;updated_at|timestamptz|N|D;tally_voucher_number|text|N|-;tally_synced_at|timestamptz|N|-;tally_sync_status|text|N|D
grn_items	id|uuid|R|D;grn_id|uuid|R|-;po_item_id|uuid|N|-;item_id|uuid|R|-;ordered_qty|numeric|R|-;received_qty|numeric|R|-;accepted_qty|numeric|R|-;rejected_qty|numeric|N|D;rejection_reason|text|N|-;batch_no|text|N|-;expiry_date|date|N|-;rate|numeric|R|-;gst_percent|numeric|N|D;total_amount|numeric|R|-;damaged_qty|numeric|N|D;short_qty|numeric|N|D;batch_number|text|N|-;manufacture_date|date|N|-;cgst_amount|numeric|N|D;sgst_amount|numeric|N|D;igst_amount|numeric|N|D;excess_qty|int4|N|D;free_qty|int4|N|D;damage_reason|text|N|-;receipt_unit|text|N|-;conversion_factor|numeric|N|D;mrp|numeric|N|-;manufacturer|text|N|-;storage_location|text|N|-;net_rate|numeric|N|-;trade_discount_percent|numeric|N|D;trade_discount_amount|numeric|N|D;cgst_percent|numeric|N|D;sgst_percent|numeric|N|D;igst_percent|numeric|N|D;gst_amount|numeric|N|D;hsn_code|text|N|-;qc_status|text|N|D;qc_remarks|text|N|-
grn_return_items	id|uuid|R|D;return_id|uuid|N|-;item_id|uuid|N|-;grn_item_id|uuid|N|-;return_qty|numeric|N|-;reason|text|N|-;created_at|timestamptz|N|D
grn_returns	id|uuid|R|D;return_number|text|N|-;grn_id|uuid|N|-;vendor_id|uuid|N|-;centre_id|uuid|N|-;reason|text|R|-;status|text|N|D;total_amount|numeric|N|-;debit_note_id|uuid|N|-;created_by|uuid|N|-;created_at|timestamptz|N|D
grns	id|uuid|R|D;grn_number|text|R|-;centre_id|uuid|R|-;po_id|uuid|N|-;vendor_id|uuid|R|-;grn_date|date|N|D;vendor_invoice_no|text|N|-;vendor_invoice_date|date|N|-;vendor_invoice_amount|numeric|N|-;status|text|N|D;notes|text|N|-;received_by|uuid|N|-;verified_by|uuid|N|-;verified_at|timestamptz|N|-;created_at|timestamptz|N|D;updated_at|timestamptz|N|D;quality_status|text|N|D;qc_checked_by|uuid|N|-;qc_completed_at|timestamptz|N|-;is_return_generated|bool|N|D;net_amount|numeric|N|-;total_amount|numeric|N|-;deleted_at|timestamptz|N|-;dc_number|text|N|-;dc_date|date|N|-;lr_number|text|N|-;transport_name|text|N|-;vehicle_number|text|N|-;eway_bill_no|text|N|-;cgst_amount|numeric|N|D;sgst_amount|numeric|N|D;igst_amount|numeric|N|D;discount_amount|numeric|N|D
hmis_import_log	id|uuid|R|D;centre_id|uuid|N|-;import_type|text|R|-;file_name|text|R|-;total_rows|int4|R|D;imported_rows|int4|R|D;skipped_rows|int4|R|D;error_rows|int4|R|D;errors|jsonb|N|D;uploaded_by|uuid|N|-;started_at|timestamptz|N|D;completed_at|timestamptz|N|-;status|text|R|D
invoice_items	id|uuid|R|D;invoice_id|uuid|N|-;item_id|uuid|N|-;po_item_id|uuid|N|-;grn_item_id|uuid|N|-;description|text|N|-;hsn_code|text|N|-;quantity|numeric|N|-;rate|numeric|N|-;taxable_amount|numeric|N|-;cgst_percent|numeric|N|-;cgst_amount|numeric|N|-;sgst_percent|numeric|N|-;sgst_amount|numeric|N|-;igst_percent|numeric|N|-;igst_amount|numeric|N|-;total_amount|numeric|N|-;created_at|timestamptz|N|D
invoices	id|uuid|R|D;invoice_ref|text|R|-;vendor_invoice_no|text|N|-;vendor_invoice_date|date|R|-;centre_id|uuid|R|-;vendor_id|uuid|R|-;grn_id|uuid|N|-;po_id|uuid|N|-;subtotal|numeric|R|D;gst_amount|numeric|N|D;total_amount|numeric|R|-;match_status|text|N|D;match_notes|text|N|-;qty_match|bool|N|-;rate_match|bool|N|-;gst_match|bool|N|-;duplicate_check|bool|N|-;credit_period_days|int4|R|D;due_date|date|R|-;payment_status|text|N|D;paid_amount|numeric|N|D;payment_batch_id|uuid|N|-;invoice_file_path|text|N|-;status|text|N|D;approved_by|uuid|N|-;approved_at|timestamptz|N|-;created_by|uuid|N|-;created_at|timestamptz|N|D;updated_at|timestamptz|N|D;dispute_reason|text|N|-;disputed_at|timestamptz|N|-;match_details|jsonb|N|-;paid_at|timestamptz|N|-;tds_amount|numeric|N|D;advance_adjusted|numeric|N|D;tally_voucher_number|text|N|-;tally_synced_at|timestamptz|N|-;tally_sync_status|text|N|D;cgst_amount|numeric|R|D;sgst_amount|numeric|R|D;igst_amount|numeric|R|D;eway_bill_no|text|N|-
item_categories	id|uuid|R|D;name|text|R|-;code|text|R|-;parent_id|uuid|N|-;is_active|bool|N|D
item_centre_stock	id|uuid|R|D;item_id|uuid|R|-;centre_id|uuid|R|-;current_stock|numeric|N|D;reorder_level|numeric|N|D;max_level|numeric|N|D;last_grn_date|date|N|-;last_grn_rate|numeric|N|-;avg_daily_consumption|numeric|N|-;updated_at|timestamptz|N|D
items	id|uuid|R|D;item_code|text|R|-;generic_name|text|R|-;brand_name|text|N|-;category_id|uuid|N|-;unit|text|R|-;hsn_code|text|N|-;gst_percent|numeric|N|D;shelf_life_days|int4|N|-;is_cold_chain|bool|N|D;is_narcotic|bool|N|D;is_high_alert|bool|N|D;is_active|bool|N|D;ecw_item_code|text|N|-;tally_item_name|text|N|-;notes|text|N|-;created_at|timestamptz|N|D;updated_at|timestamptz|N|D;deleted_at|timestamptz|N|-;manufacturer|text|N|-;marketed_by|text|N|-;dosage_form|text|N|-;route_of_administration|text|N|-;specification|text|N|-;strength|text|N|-;therapeutic_class|text|N|-;department|text|N|D;major_group|text|N|-;minor_group|text|N|-;item_type|text|N|-;combination_of_drugs|text|N|-;unit_levels|int4|N|D;level1_unit|text|N|-;level1_qty_per_unit|numeric|N|D;level2_unit|text|N|-;level2_qty_per_unit|numeric|N|-;level3_unit|text|N|-;level3_qty_per_unit|numeric|N|-;purchase_unit|text|N|-;receipt_unit|text|N|-;issue_unit|text|N|-;qty_conversion|numeric|N|D;item_nature_abc|text|N|-;item_nature_ved|text|N|-;item_nature_fsn|text|N|-;scheduled_drug|bool|N|D;scheduled_drug_category|text|N|-;is_high_risk|bool|N|D;is_dpco|bool|N|D;is_look_alike|bool|N|D;is_sound_alike|bool|N|D;is_consignment|bool|N|D;is_capital_goods|bool|N|D;is_emergency_drug|bool|N|D;is_hazardous|bool|N|D;is_imported|bool|N|D;is_immunization|bool|N|D;is_refrigerated|bool|N|D;is_cssd_item|bool|N|D;mrp|numeric|N|-;barcode|text|N|-;alternate_barcode|text|N|-;snomed_ct_code|text|N|-;ndc_code|text|N|-;consignment_category|text|N|-;snomed_ct_description|text|N|-;gst_slab|text|N|-;cgst_percent|numeric|N|-;sgst_percent|numeric|N|-;igst_percent|numeric|N|-;default_rate|numeric|N|-;muc_percent|numeric|N|-;margin_percent|numeric|N|-;reorder_level|int4|N|D;min_stock|int4|N|D;max_stock|int4|N|-;storage_location|text|N|-;bin_location|text|N|-;safety_stock|int4|N|D;reorder_point|int4|N|D;lead_time_days|int4|N|D;min_order_qty|int4|N|D;max_order_qty|int4|N|-;alias_names|jsonb|N|D;is_generic|bool|N|D;is_kit|bool|N|D;is_linen|bool|N|D;is_spare_parts|bool|N|D;is_stockable|bool|N|D;is_non_disc|bool|N|D;is_pharma_approved|bool|N|D;is_rate_contract|bool|N|D;is_gst_editable_in_grn|bool|N|D;is_cp_item|bool|N|D;is_cpr_item|bool|N|D;ec_percent|numeric|N|D;freight|numeric|N|D;grn_disc_percent|numeric|N|D;mp_disc_percent|numeric|N|D;ps_disc_percent|numeric|N|D;free_period_hours|int4|N|-;allow_combination|bool|N|D;allow_medicine_admin|bool|N|D;remarks|text|N|-;tally_synced_at|timestamptz|N|-;tally_sync_status|text|N|D;hmis_item_id|int4|N|-;hmis_item_name|text|N|-;hmis_item_code|text|N|-;conversion_factor|numeric|N|D
major_group_map	hmis_value|text|R|-;vpms_group|text|R|-;created_at|timestamptz|N|D
notifications	id|uuid|R|D;user_id|uuid|R|-;title|text|R|-;message|text|R|-;type|text|N|-;priority|text|N|D;entity_type|text|N|-;entity_id|uuid|N|-;is_read|bool|N|D;created_by|uuid|N|-;created_at|timestamptz|N|D;read_at|timestamptz|N|-
payment_batch_items	id|uuid|R|D;batch_id|uuid|R|-;invoice_id|uuid|R|-;vendor_id|uuid|R|-;amount|numeric|R|-;payment_mode|text|N|-;utr_number|text|N|-;payment_date|date|N|-;status|text|N|D;tds_percent|numeric|N|D;tds_amount|numeric|N|D;debit_note_adj|numeric|N|D;advance_adj|numeric|N|D;net_payable|numeric|N|-;reference_number|text|N|-
payment_batches	id|uuid|R|D;batch_number|text|R|-;centre_id|uuid|N|-;batch_date|date|R|-;status|text|N|D;total_amount|numeric|N|D;approved_by|uuid|N|-;approved_at|timestamptz|N|-;notes|text|N|-;created_at|timestamptz|N|D;payment_mode|text|N|D;bank_account|text|N|-;payment_date|date|N|-;paid_at|timestamptz|N|-;paid_by|uuid|N|-;tally_voucher_number|text|N|-;tally_synced_at|timestamptz|N|-;tally_sync_status|text|N|D
po_approvals	id|uuid|R|D;po_id|uuid|R|-;approval_level|int4|R|-;approver_id|uuid|N|-;approver_role|text|R|-;status|text|R|-;comments|text|N|-;actioned_at|timestamptz|N|-;created_at|timestamptz|N|D;sla_deadline|timestamptz|N|-;escalated_to|uuid|N|-;escalated_at|timestamptz|N|-;delegated_from|uuid|N|-;delegation_reason|text|N|-
purchase_indent_items	id|uuid|R|D;indent_id|uuid|R|-;item_id|uuid|R|-;requested_qty|numeric|R|-;unit|text|R|-;current_stock|numeric|N|-;last_purchase_rate|numeric|N|-;estimated_value|numeric|N|-;notes|text|N|-
purchase_indents	id|uuid|R|D;indent_number|text|R|-;centre_id|uuid|R|-;requested_by|uuid|N|-;status|text|N|D;priority|text|N|D;notes|text|N|-;approved_by|uuid|N|-;approved_at|timestamptz|N|-;created_at|timestamptz|N|D;updated_at|timestamptz|N|D;source|text|R|D;requested_by_external|text|N|-
purchase_order_items	id|uuid|R|D;po_id|uuid|R|-;item_id|uuid|R|-;ordered_qty|numeric|R|-;received_qty|numeric|N|D;unit|text|R|-;rate|numeric|R|-;gst_percent|numeric|N|D;gst_amount|numeric|N|D;total_amount|numeric|R|-;rate_contract_id|uuid|N|-;notes|text|N|-;free_qty|numeric|N|D;net_rate|numeric|N|-;mrp|numeric|N|-;trade_discount_percent|numeric|N|D;cash_discount_percent|numeric|N|D;special_discount_percent|numeric|N|D;cgst_percent|numeric|N|-;sgst_percent|numeric|N|-;igst_percent|numeric|N|-;cgst_amount|numeric|N|D;sgst_amount|numeric|N|D;igst_amount|numeric|N|D;hsn_code|text|N|-;manufacturer|text|N|-;delivery_date|date|N|-;contract_rate|numeric|N|-;pending_qty|int4|N|D;purchase_unit|text|N|-;conversion_factor|numeric|N|D;base_qty|numeric|N|-;trade_discount_amount|numeric|N|D
purchase_orders	id|uuid|R|D;po_number|text|R|-;centre_id|uuid|R|-;vendor_id|uuid|R|-;indent_id|uuid|N|-;status|text|N|D;po_date|date|N|D;expected_delivery_date|date|N|-;delivery_address|text|N|-;subtotal|numeric|N|D;gst_amount|numeric|N|D;total_amount|numeric|N|D;notes|text|N|-;current_approval_level|int4|N|D;approved_by|uuid|N|-;approved_at|timestamptz|N|-;sent_to_vendor_at|timestamptz|N|-;created_by|uuid|N|-;created_at|timestamptz|N|D;updated_at|timestamptz|N|D;deleted_at|timestamptz|N|-;priority|text|N|D;supply_type|text|N|D;vendor_acknowledged|bool|N|D;vendor_acknowledged_at|timestamptz|N|-;vendor_confirmed_delivery_date|date|N|-;vendor_notes|text|N|-;vendor_dispute|bool|N|D;vendor_dispute_reason|text|N|-;vendor_dispute_at|timestamptz|N|-;cancelled_at|timestamptz|N|-;cancellation_reason|text|N|-;closed_at|timestamptz|N|-;freight_amount|numeric|N|D;loading_charges|numeric|N|D;insurance_charges|numeric|N|D;other_charges|numeric|N|D;tds_applicable|bool|N|D;tds_section|text|N|-;tds_rate|numeric|N|-;discount_amount|numeric|N|D;quotation_ref|text|N|-;quotation_date|date|N|-;terms_and_conditions|text|N|-;delivery_instructions|text|N|-;payment_terms|text|N|-;cgst_amount|numeric|N|D;sgst_amount|numeric|N|D;igst_amount|numeric|N|D;net_amount|numeric|N|-;po_type|text|N|D;short_closed_at|timestamptz|N|-;short_close_reason|text|N|-
rate_contract_items	id|uuid|R|D;contract_id|uuid|R|-;item_id|uuid|R|-;rate|numeric|R|-;unit|text|R|-;gst_percent|numeric|N|D;l_rank|int4|N|-
rate_contracts	id|uuid|R|D;contract_number|text|R|-;vendor_id|uuid|R|-;centre_id|uuid|N|-;contract_type|text|N|-;valid_from|date|R|-;valid_to|date|R|-;status|text|N|D;approved_by|uuid|N|-;created_at|timestamptz|N|D;approved_at|timestamptz|N|-;termination_reason|text|N|-;updated_at|timestamptz|N|D
rfq_items	id|uuid|R|D;rfq_id|uuid|R|-;item_id|uuid|N|-;description|text|R|-;quantity|numeric|R|-;unit|text|R|-;specifications|text|N|-;sort_order|int4|N|D
rfq_quote_items	id|uuid|R|D;quote_id|uuid|R|-;rfq_item_id|uuid|R|-;unit_rate|numeric|R|-;gst_percent|numeric|N|D;total_amount|numeric|R|-;brand|text|N|-;manufacturer|text|N|-;delivery_days|int4|N|-;remarks|text|N|-
rfq_quotes	id|uuid|R|D;rfq_id|uuid|R|-;vendor_id|uuid|R|-;status|text|R|D;total_amount|numeric|N|-;delivery_timeline_days|int4|N|-;payment_terms|text|N|-;validity_days|int4|N|D;notes|text|N|-;submitted_at|timestamptz|N|-;created_at|timestamptz|N|D;updated_at|timestamptz|N|D
rfqs	id|uuid|R|D;rfq_number|text|R|-;centre_id|uuid|N|-;title|text|R|-;description|text|N|-;status|text|R|D;category_id|uuid|N|-;submission_deadline|timestamptz|R|-;delivery_required_by|date|N|-;terms_and_conditions|text|N|-;created_by|uuid|N|-;created_at|timestamptz|N|D;updated_at|timestamptz|N|D;closed_at|timestamptz|N|-;awarded_vendor_id|uuid|N|-;awarded_at|timestamptz|N|-
stock_adjustments	id|uuid|R|D;item_id|uuid|N|-;centre_id|uuid|N|-;adjustment_type|text|R|-;quantity|numeric|R|-;reason|text|N|-;previous_stock|numeric|N|-;new_stock|numeric|N|-;adjusted_by|uuid|N|-;created_at|timestamptz|N|D
stock_ledger	id|uuid|R|D;centre_id|uuid|R|-;item_id|uuid|R|-;transaction_type|text|R|-;quantity|numeric|R|-;balance_after|numeric|R|-;reference_id|uuid|N|-;reference_number|text|N|-;notes|text|N|-;created_by|uuid|N|-;created_at|timestamptz|N|D
stock_transfer_items	id|uuid|R|D;transfer_id|uuid|N|-;item_id|uuid|N|-;requested_qty|numeric|N|-;dispatched_qty|numeric|N|-;received_qty|numeric|N|-;unit|text|N|-;rate|numeric|N|-;batch_number|text|N|-;expiry_date|date|N|-;notes|text|N|-;created_at|timestamptz|N|D
stock_transfers	id|uuid|R|D;transfer_number|text|N|-;from_centre_id|uuid|N|-;to_centre_id|uuid|N|-;transfer_date|date|N|-;status|text|N|D;item_count|int4|N|D;total_value|numeric|N|D;notes|text|N|-;approved_at|timestamptz|N|-;approved_by|uuid|N|-;received_at|timestamptz|N|-;received_by|uuid|N|-;created_by|uuid|N|-;created_at|timestamptz|N|D;updated_at|timestamptz|N|D
tally_company_config	id|uuid|R|D;centre_id|uuid|R|-;company_name|text|R|D;purchase_ledger_pharmacy|text|N|D;purchase_ledger_surgical|text|N|D;purchase_ledger_general|text|N|D;cgst_input_ledger|text|N|D;sgst_input_ledger|text|N|D;igst_input_ledger|text|N|D;bank_ledger|text|N|-;cash_ledger|text|N|D;round_off_ledger|text|N|D;tds_payable_ledger|text|N|D;agent_api_key|text|N|-;sync_enabled|bool|N|D;last_sync_at|timestamptz|N|-;last_sync_status|text|N|-;created_at|timestamptz|N|D;updated_at|timestamptz|N|D
tally_sync_log	id|uuid|R|D;centre_id|uuid|R|-;sync_run_id|uuid|R|-;started_at|timestamptz|R|D;completed_at|timestamptz|N|-;direction|text|R|-;total_items|int4|N|D;success_count|int4|N|D;failed_count|int4|N|D;skipped_count|int4|N|D;agent_version|text|N|-;notes|text|N|-
tally_sync_queue	id|uuid|R|D;centre_id|uuid|R|-;direction|text|R|-;entity_type|text|R|-;entity_id|uuid|N|-;entity_ref|text|N|-;priority|int4|N|D;status|text|N|D;tally_xml_request|text|N|-;tally_xml_response|text|N|-;error_message|text|N|-;retry_count|int4|N|D;max_retries|int4|N|D;created_at|timestamptz|N|D;processed_at|timestamptz|N|-;created_by|uuid|N|-
user_profiles	id|uuid|R|-;full_name|text|R|-;email|text|R|-;phone|text|N|-;role|text|R|-;centre_id|uuid|N|-;is_active|bool|N|D;created_at|timestamptz|N|D;updated_at|timestamptz|N|D
vendor_categories	id|uuid|R|D;name|text|R|-;code|text|R|-;description|text|N|-;is_active|bool|N|D
vendor_documents	id|uuid|R|D;vendor_id|uuid|R|-;document_type|text|R|-;file_name|text|R|-;file_path|text|R|-;file_size|int4|N|-;uploaded_by|uuid|N|-;is_verified|bool|N|D;verified_by|uuid|N|-;expires_at|date|N|-;created_at|timestamptz|N|D;review_status|text|N|-;reviewed_at|timestamptz|N|-;snooze_until|timestamptz|N|-;alert_dismissed|bool|N|D;updated_at|timestamptz|N|D
vendor_items	id|uuid|R|D;vendor_id|uuid|R|-;item_id|uuid|R|-;l_rank|int4|N|-;last_quoted_rate|numeric|N|-;is_preferred|bool|N|D;created_at|timestamptz|N|D
vendor_notifications	id|uuid|R|D;vendor_id|uuid|R|-;channel|text|R|-;template_name|text|R|-;template_params|jsonb|N|D;phone|text|N|-;email|text|N|-;status|text|R|D;provider_message_id|text|N|-;error_message|text|N|-;sent_at|timestamptz|N|-;delivered_at|timestamptz|N|-;created_at|timestamptz|N|D
vendor_performance	id|uuid|R|D;vendor_id|uuid|R|-;centre_id|uuid|N|-;month_year|text|R|-;total_pos|int4|N|D;on_time_deliveries|int4|N|D;late_deliveries|int4|N|D;total_grn_lines|int4|N|D;rejected_lines|int4|N|D;total_invoices|int4|N|D;matched_invoices|int4|N|D;disputed_invoices|int4|N|D;score|numeric|N|-;month|date|N|-;delivery_score|numeric|N|D;quality_score|numeric|N|D;price_score|numeric|N|D;service_score|numeric|N|D;overall_score|numeric|N|D;notes|text|N|-
vendor_sessions	id|uuid|R|D;vendor_id|uuid|R|-;phone|text|R|-;otp_code|text|N|-;otp_expires_at|timestamptz|N|-;otp_attempts|int4|N|D;session_token|text|N|-;session_expires_at|timestamptz|N|-;last_active_at|timestamptz|N|D;created_at|timestamptz|N|D;user_agent|text|N|-;ip_address|text|N|-
vendors	id|uuid|R|D;vendor_code|text|R|-;legal_name|text|R|-;trade_name|text|N|-;category_id|uuid|N|-;gstin|text|N|-;pan|text|N|-;drug_license_no|text|N|-;fssai_no|text|N|-;bank_name|text|N|-;bank_account_no|text|N|-;bank_ifsc|text|N|-;bank_account_type|text|N|-;bank_verified|bool|N|D;bank_verified_at|timestamptz|N|-;credit_period_days|int4|N|D;credit_limit|numeric|N|-;payment_terms|text|N|-;primary_contact_name|text|N|-;primary_contact_phone|text|N|-;primary_contact_email|text|N|-;address|text|N|-;city|text|N|-;state|text|N|-;pincode|text|N|-;status|text|N|D;gstin_verified|bool|N|D;pan_verified|bool|N|D;approved_centres|_uuid|N|-;portal_access|bool|N|D;portal_email|text|N|-;onboarded_by|uuid|N|-;approved_by|uuid|N|-;approval_notes|text|N|-;created_at|timestamptz|N|D;updated_at|timestamptz|N|D;deleted_at|timestamptz|N|-;vendor_type|text|N|-;msme_category|text|N|-;msme_registration_no|text|N|-;tds_applicable|bool|N|D;tds_section|text|N|-;tds_rate|numeric|N|-;trade_discount_percent|numeric|N|D;cash_discount_percent|numeric|N|D;upi_id|text|N|-;pan_number|text|N|-;default_tds_percent|numeric|N|D;drug_license_expiry|date|N|-;fssai_expiry|date|N|-;udyam_number|text|N|-;gst_return_status|text|N|-;secondary_contact_name|text|N|-;secondary_contact_phone|text|N|-;secondary_contact_email|text|N|-;secondary_contact_designation|text|N|-;payment_mode_preferred|text|N|-;is_active|bool|N|D;cash_discount_days|int4|N|-;delivery_terms|text|N|-;lower_tds_certificate|text|N|-;lower_tds_rate|numeric|N|-;lower_tds_valid_till|date|N|-;minimum_order_value|numeric|N|-;tally_group|text|N|-;tally_ledger_name|text|N|-;created_by|uuid|N|-;onboarding_status|text|N|D;portal_phone|text|N|-;portal_last_login|timestamptz|N|-;portal_login_count|int4|N|D;tally_synced_at|timestamptz|N|-;tally_outstanding|numeric|N|D;tally_sync_status|text|N|D
